days_since_start,avg_tone,total_events,period
-9,-1.9916,239,2015 Blockade
-8,-2.1895,419,2015 Blockade
-7,-2.4576,374,2015 Blockade
-7,-1.2954,221,2025 Gen-Z Protest
-6,-2.8663,402,2015 Blockade
-6,-1.4363,184,2025 Gen-Z Protest
-5,-3.4133,459,2015 Blockade
-5,-0.3253,272,2025 Gen-Z Protest
-4,-1.7775,465,2015 Blockade
-4,-1.3179,299,2025 Gen-Z Protest
-3,-1.4304,485,2015 Blockade
-3,-1.8522,233,2025 Gen-Z Protest
-2,-2.3241,391,2015 Blockade
-2,0.5569,188,2025 Gen-Z Protest
-1,-1.7916,586,2015 Blockade
-1,-1.6002,172,2025 Gen-Z Protest
0,-3.6907,811,2015 Blockade
0,-7.6609,675,2025 Gen-Z Protest
1,-4.6961,931,2015 Blockade
1,-8.1429,2370,2025 Gen-Z Protest
2,-2.6956,717,2015 Blockade
2,-5.9853,1944,2025 Gen-Z Protest
3,-2.4439,551,2015 Blockade
3,-4.7834,1653,2025 Gen-Z Protest
4,-2.1038,544,2015 Blockade
4,-4.6002,1395,2025 Gen-Z Protest
5,-1.9468,229,2015 Blockade
5,-2.8716,895,2025 Gen-Z Protest
6,-2.4242,268,2015 Blockade
6,-3.4076,685,2025 Gen-Z Protest
7,-2.4693,426,2015 Blockade
7,-4.309,563,2025 Gen-Z Protest
8,-4.193,431,2015 Blockade
8,-5.0717,466,2025 Gen-Z Protest
9,-3.2728,572,2015 Blockade
9,-2.3078,354,2025 Gen-Z Protest
10,-2.4024,383,2015 Blockade
10,-1.4195,395,2025 Gen-Z Protest
11,-1.9672,459,2015 Blockade
11,-1.7149,497,2025 Gen-Z Protest
12,-2.4814,304,2015 Blockade
12,-3.3307,128,2025 Gen-Z Protest
13,-2.364,238,2015 Blockade
13,-1.8293,222,2025 Gen-Z Protest
14,-3.1354,465,2015 Blockade
14,-1.5595,252,2025 Gen-Z Protest
15,-2.6583,595,2015 Blockade
15,-1.0647,221,2025 Gen-Z Protest
16,-3.0221,1061,2015 Blockade
16,-2.4574,253,2025 Gen-Z Protest
17,-3.3071,822,2015 Blockade
17,-4.2233,239,2025 Gen-Z Protest
18,-3.2526,704,2015 Blockade
18,-2.7812,270,2025 Gen-Z Protest
19,-2.9357,460,2015 Blockade
19,-4.9496,140,2025 Gen-Z Protest
20,-3.0518,431,2015 Blockade
20,-4.0509,137,2025 Gen-Z Protest
21,-2.752,566,2015 Blockade
21,-4.0615,167,2025 Gen-Z Protest
22,-2.3704,562,2015 Blockade
22,-2.9779,147,2025 Gen-Z Protest
23,-2.1378,565,2015 Blockade
23,-2.2722,176,2025 Gen-Z Protest
24,-2.8341,753,2015 Blockade
24,-1.4021,147,2025 Gen-Z Protest
25,-1.7122,733,2015 Blockade
25,-2.547,100,2025 Gen-Z Protest
26,-0.8726,455,2015 Blockade
26,-1.7706,119,2025 Gen-Z Protest
27,-1.567,694,2015 Blockade
27,-6.2266,162,2025 Gen-Z Protest
28,-2.1693,791,2015 Blockade
28,-3.603,171,2025 Gen-Z Protest
29,-2.3197,828,2015 Blockade
29,-3.9491,195,2025 Gen-Z Protest
30,-2.2355,780,2015 Blockade
30,-2.0008,184,2025 Gen-Z Protest
31,-2.7766,696,2015 Blockade
31,-1.7419,152,2025 Gen-Z Protest
32,-3.0225,721,2015 Blockade
32,-2.0535,149,2025 Gen-Z Protest
33,-2.5296,636,2015 Blockade
33,-2.3982,129,2025 Gen-Z Protest
34,-2.7477,462,2015 Blockade
34,-1.3521,171,2025 Gen-Z Protest
35,-2.5755,647,2015 Blockade
35,-1.9265,265,2025 Gen-Z Protest
36,-2.1311,717,2015 Blockade
36,-3.1087,403,2025 Gen-Z Protest
37,-2.0202,795,2015 Blockade
37,-3.3406,271,2025 Gen-Z Protest
38,-2.5489,697,2015 Blockade
38,-1.1551,283,2025 Gen-Z Protest
39,-2.6267,564,2015 Blockade
39,0.6338,224,2025 Gen-Z Protest
40,-2.7158,467,2015 Blockade
40,-1.4333,186,2025 Gen-Z Protest
41,-2.0259,469,2015 Blockade
41,-1.3191,177,2025 Gen-Z Protest
42,-2.5117,606,2015 Blockade
42,-0.2088,316,2025 Gen-Z Protest
43,-2.1248,560,2015 Blockade
43,-1.9157,225,2025 Gen-Z Protest
44,-2.8188,587,2015 Blockade
44,-0.8168,143,2025 Gen-Z Protest
45,-2.1822,606,2015 Blockade
45,-3.0118,129,2025 Gen-Z Protest
46,-2.2489,680,2015 Blockade
46,-0.4312,68,2025 Gen-Z Protest
47,-1.9312,437,2015 Blockade
47,-2.8387,118,2025 Gen-Z Protest
48,-1.613,497,2015 Blockade
48,-0.2953,74,2025 Gen-Z Protest
49,-0.8746,486,2015 Blockade
49,-2.265,171,2025 Gen-Z Protest
50,-1.2354,433,2015 Blockade
50,-1.6063,199,2025 Gen-Z Protest
51,-1.6649,501,2015 Blockade
51,-0.8547,307,2025 Gen-Z Protest
52,-1.4418,482,2015 Blockade
52,-1.337,223,2025 Gen-Z Protest
53,-3.4717,570,2015 Blockade
53,-1.8703,293,2025 Gen-Z Protest
54,-1.9946,371,2015 Blockade
54,-1.4675,120,2025 Gen-Z Protest
55,-2.5563,370,2015 Blockade
55,-1.9009,179,2025 Gen-Z Protest
56,-1.857,571,2015 Blockade
56,-1.5755,272,2025 Gen-Z Protest
57,-1.4825,492,2015 Blockade
57,-1.8396,250,2025 Gen-Z Protest
58,-1.0806,60,2015 Blockade
58,-0.8725,304,2025 Gen-Z Protest
59,-1.9589,46,2015 Blockade
59,-1.4197,253,2025 Gen-Z Protest
60,-1.1175,306,2015 Blockade
60,-1.404,121,2025 Gen-Z Protest
61,-3.0132,350,2015 Blockade
61,-1.5874,128,2025 Gen-Z Protest
62,-2.1953,329,2015 Blockade
62,0.107,146,2025 Gen-Z Protest
63,-2.1629,473,2015 Blockade
63,-1.2628,170,2025 Gen-Z Protest
64,-1.5068,489,2015 Blockade
64,-1.8004,230,2025 Gen-Z Protest
65,-1.4699,563,2015 Blockade
65,-1.6158,150,2025 Gen-Z Protest
66,-1.5709,758,2015 Blockade
66,-0.9368,209,2025 Gen-Z Protest
67,-1.8778,662,2015 Blockade
67,0.4011,197,2025 Gen-Z Protest
68,-1.6955,407,2015 Blockade
68,-1.0673,69,2025 Gen-Z Protest
69,-1.7845,395,2015 Blockade
70,-5.6521,1180,2015 Blockade
71,-4.6189,885,2015 Blockade
72,-2.3202,738,2015 Blockade
73,-2.0956,535,2015 Blockade
74,-2.7098,639,2015 Blockade
75,-2.8289,412,2015 Blockade
76,-3.4147,612,2015 Blockade
77,-2.8703,501,2015 Blockade
78,-1.7769,422,2015 Blockade
79,-1.7515,400,2015 Blockade
80,-1.6694,296,2015 Blockade
81,-1.3943,290,2015 Blockade
82,-1.8456,255,2015 Blockade
83,-2.5372,287,2015 Blockade
